{
  "": {
    "swift-dependencies": "/Users/siavash/Desktop/Microservice2/.build/debug/SimpleHttpClient.build/master.swiftdeps"
  },
  "/Users/siavash/Desktop/Microservice2/Packages/SimpleHttpClient-0.5.4/Sources/HttpClient.swift": {
    "dependencies": "/Users/siavash/Desktop/Microservice2/.build/debug/SimpleHttpClient.build/HttpClient.d",
    "object": "/Users/siavash/Desktop/Microservice2/.build/debug/SimpleHttpClient.build/HttpClient.swift.o",
    "swiftmodule": "/Users/siavash/Desktop/Microservice2/.build/debug/SimpleHttpClient.build/HttpClient~partial.swiftmodule",
    "swift-dependencies": "/Users/siavash/Desktop/Microservice2/.build/debug/SimpleHttpClient.build/HttpClient.swiftdeps"
  },
  "/Users/siavash/Desktop/Microservice2/Packages/SimpleHttpClient-0.5.4/Sources/HttpError.swift": {
    "dependencies": "/Users/siavash/Desktop/Microservice2/.build/debug/SimpleHttpClient.build/HttpError.d",
    "object": "/Users/siavash/Desktop/Microservice2/.build/debug/SimpleHttpClient.build/HttpError.swift.o",
    "swiftmodule": "/Users/siavash/Desktop/Microservice2/.build/debug/SimpleHttpClient.build/HttpError~partial.swiftmodule",
    "swift-dependencies": "/Users/siavash/Desktop/Microservice2/.build/debug/SimpleHttpClient.build/HttpError.swiftdeps"
  },
  "/Users/siavash/Desktop/Microservice2/Packages/SimpleHttpClient-0.5.4/Sources/HttpResource.swift": {
    "dependencies": "/Users/siavash/Desktop/Microservice2/.build/debug/SimpleHttpClient.build/HttpResource.d",
    "object": "/Users/siavash/Desktop/Microservice2/.build/debug/SimpleHttpClient.build/HttpResource.swift.o",
    "swiftmodule": "/Users/siavash/Desktop/Microservice2/.build/debug/SimpleHttpClient.build/HttpResource~partial.swiftmodule",
    "swift-dependencies": "/Users/siavash/Desktop/Microservice2/.build/debug/SimpleHttpClient.build/HttpResource.swiftdeps"
  }
}
