{
  "": {
    "swift-dependencies": "/Users/siavash/Desktop/Microservice2/.build/debug/SwiftyJSON.build/master.swiftdeps"
  },
  "/Users/siavash/Desktop/Microservice2/Packages/SwiftyJSON-14.2.0/Source/LclJSONSerialization.swift": {
    "dependencies": "/Users/siavash/Desktop/Microservice2/.build/debug/SwiftyJSON.build/LclJSONSerialization.d",
    "object": "/Users/siavash/Desktop/Microservice2/.build/debug/SwiftyJSON.build/LclJSONSerialization.swift.o",
    "swiftmodule": "/Users/siavash/Desktop/Microservice2/.build/debug/SwiftyJSON.build/LclJSONSerialization~partial.swiftmodule",
    "swift-dependencies": "/Users/siavash/Desktop/Microservice2/.build/debug/SwiftyJSON.build/LclJSONSerialization.swiftdeps"
  },
  "/Users/siavash/Desktop/Microservice2/Packages/SwiftyJSON-14.2.0/Source/SwiftyJSON.swift": {
    "dependencies": "/Users/siavash/Desktop/Microservice2/.build/debug/SwiftyJSON.build/SwiftyJSON.d",
    "object": "/Users/siavash/Desktop/Microservice2/.build/debug/SwiftyJSON.build/SwiftyJSON.swift.o",
    "swiftmodule": "/Users/siavash/Desktop/Microservice2/.build/debug/SwiftyJSON.build/SwiftyJSON~partial.swiftmodule",
    "swift-dependencies": "/Users/siavash/Desktop/Microservice2/.build/debug/SwiftyJSON.build/SwiftyJSON.swiftdeps"
  }
}
