{
  "": {
    "swift-dependencies": "/Users/siavash/Desktop/Microservice2/.build/debug/SSLService.build/master.swiftdeps"
  },
  "/Users/siavash/Desktop/Microservice2/Packages/SSLService-0.11.21/Sources/SSLService.swift": {
    "dependencies": "/Users/siavash/Desktop/Microservice2/.build/debug/SSLService.build/SSLService.d",
    "object": "/Users/siavash/Desktop/Microservice2/.build/debug/SSLService.build/SSLService.swift.o",
    "swiftmodule": "/Users/siavash/Desktop/Microservice2/.build/debug/SSLService.build/SSLService~partial.swiftmodule",
    "swift-dependencies": "/Users/siavash/Desktop/Microservice2/.build/debug/SSLService.build/SSLService.swiftdeps"
  }
}
