{
  "": {
    "swift-dependencies": "/Users/siavash/Desktop/Microservice2/.build/debug/Microservice2.build/master.swiftdeps"
  },
  "/Users/siavash/Desktop/Microservice2/Sources/Controller.swift": {
    "dependencies": "/Users/siavash/Desktop/Microservice2/.build/debug/Microservice2.build/Controller.d",
    "object": "/Users/siavash/Desktop/Microservice2/.build/debug/Microservice2.build/Controller.swift.o",
    "swiftmodule": "/Users/siavash/Desktop/Microservice2/.build/debug/Microservice2.build/Controller~partial.swiftmodule",
    "swift-dependencies": "/Users/siavash/Desktop/Microservice2/.build/debug/Microservice2.build/Controller.swiftdeps"
  },
  "/Users/siavash/Desktop/Microservice2/Sources/main.swift": {
    "dependencies": "/Users/siavash/Desktop/Microservice2/.build/debug/Microservice2.build/main.d",
    "object": "/Users/siavash/Desktop/Microservice2/.build/debug/Microservice2.build/main.swift.o",
    "swiftmodule": "/Users/siavash/Desktop/Microservice2/.build/debug/Microservice2.build/main~partial.swiftmodule",
    "swift-dependencies": "/Users/siavash/Desktop/Microservice2/.build/debug/Microservice2.build/main.swiftdeps"
  }
}
