{
  "": {
    "swift-dependencies": "/Users/siavash/Desktop/Microservice2/.build/debug/Socket.build/master.swiftdeps"
  },
  "/Users/siavash/Desktop/Microservice2/Packages/Socket-0.11.11/Sources/Socket.swift": {
    "dependencies": "/Users/siavash/Desktop/Microservice2/.build/debug/Socket.build/Socket.d",
    "object": "/Users/siavash/Desktop/Microservice2/.build/debug/Socket.build/Socket.swift.o",
    "swiftmodule": "/Users/siavash/Desktop/Microservice2/.build/debug/Socket.build/Socket~partial.swiftmodule",
    "swift-dependencies": "/Users/siavash/Desktop/Microservice2/.build/debug/Socket.build/Socket.swiftdeps"
  },
  "/Users/siavash/Desktop/Microservice2/Packages/Socket-0.11.11/Sources/SocketProtocols.swift": {
    "dependencies": "/Users/siavash/Desktop/Microservice2/.build/debug/Socket.build/SocketProtocols.d",
    "object": "/Users/siavash/Desktop/Microservice2/.build/debug/Socket.build/SocketProtocols.swift.o",
    "swiftmodule": "/Users/siavash/Desktop/Microservice2/.build/debug/Socket.build/SocketProtocols~partial.swiftmodule",
    "swift-dependencies": "/Users/siavash/Desktop/Microservice2/.build/debug/Socket.build/SocketProtocols.swiftdeps"
  },
  "/Users/siavash/Desktop/Microservice2/Packages/Socket-0.11.11/Sources/SocketUtils.swift": {
    "dependencies": "/Users/siavash/Desktop/Microservice2/.build/debug/Socket.build/SocketUtils.d",
    "object": "/Users/siavash/Desktop/Microservice2/.build/debug/Socket.build/SocketUtils.swift.o",
    "swiftmodule": "/Users/siavash/Desktop/Microservice2/.build/debug/Socket.build/SocketUtils~partial.swiftmodule",
    "swift-dependencies": "/Users/siavash/Desktop/Microservice2/.build/debug/Socket.build/SocketUtils.swiftdeps"
  }
}
