{
  "": {
    "swift-dependencies": "/Users/siavash/Desktop/Microservice2/.build/debug/KituraTemplateEngine.build/master.swiftdeps"
  },
  "/Users/siavash/Desktop/Microservice2/Packages/Kitura-TemplateEngine-1.0.0/Sources/KituraTemplateEngine/TemplateEngine.swift": {
    "dependencies": "/Users/siavash/Desktop/Microservice2/.build/debug/KituraTemplateEngine.build/TemplateEngine.d",
    "object": "/Users/siavash/Desktop/Microservice2/.build/debug/KituraTemplateEngine.build/TemplateEngine.swift.o",
    "swiftmodule": "/Users/siavash/Desktop/Microservice2/.build/debug/KituraTemplateEngine.build/TemplateEngine~partial.swiftmodule",
    "swift-dependencies": "/Users/siavash/Desktop/Microservice2/.build/debug/KituraTemplateEngine.build/TemplateEngine.swiftdeps"
  }
}
