{
  "": {
    "swift-dependencies": "/Users/siavash/Desktop/Microservice2/.build/debug/CloudFoundryEnv.build/master.swiftdeps"
  },
  "/Users/siavash/Desktop/Microservice2/Packages/CloudFoundryEnv-1.7.0/Sources/CloudFoundryEnv/App.swift": {
    "dependencies": "/Users/siavash/Desktop/Microservice2/.build/debug/CloudFoundryEnv.build/App.d",
    "object": "/Users/siavash/Desktop/Microservice2/.build/debug/CloudFoundryEnv.build/App.swift.o",
    "swiftmodule": "/Users/siavash/Desktop/Microservice2/.build/debug/CloudFoundryEnv.build/App~partial.swiftmodule",
    "swift-dependencies": "/Users/siavash/Desktop/Microservice2/.build/debug/CloudFoundryEnv.build/App.swiftdeps"
  },
  "/Users/siavash/Desktop/Microservice2/Packages/CloudFoundryEnv-1.7.0/Sources/CloudFoundryEnv/AppEnv.swift": {
    "dependencies": "/Users/siavash/Desktop/Microservice2/.build/debug/CloudFoundryEnv.build/AppEnv.d",
    "object": "/Users/siavash/Desktop/Microservice2/.build/debug/CloudFoundryEnv.build/AppEnv.swift.o",
    "swiftmodule": "/Users/siavash/Desktop/Microservice2/.build/debug/CloudFoundryEnv.build/AppEnv~partial.swiftmodule",
    "swift-dependencies": "/Users/siavash/Desktop/Microservice2/.build/debug/CloudFoundryEnv.build/AppEnv.swiftdeps"
  },
  "/Users/siavash/Desktop/Microservice2/Packages/CloudFoundryEnv-1.7.0/Sources/CloudFoundryEnv/CloudFoundryEnv.swift": {
    "dependencies": "/Users/siavash/Desktop/Microservice2/.build/debug/CloudFoundryEnv.build/CloudFoundryEnv.d",
    "object": "/Users/siavash/Desktop/Microservice2/.build/debug/CloudFoundryEnv.build/CloudFoundryEnv.swift.o",
    "swiftmodule": "/Users/siavash/Desktop/Microservice2/.build/debug/CloudFoundryEnv.build/CloudFoundryEnv~partial.swiftmodule",
    "swift-dependencies": "/Users/siavash/Desktop/Microservice2/.build/debug/CloudFoundryEnv.build/CloudFoundryEnv.swiftdeps"
  },
  "/Users/siavash/Desktop/Microservice2/Packages/CloudFoundryEnv-1.7.0/Sources/CloudFoundryEnv/CloudFoundryEnvError.swift": {
    "dependencies": "/Users/siavash/Desktop/Microservice2/.build/debug/CloudFoundryEnv.build/CloudFoundryEnvError.d",
    "object": "/Users/siavash/Desktop/Microservice2/.build/debug/CloudFoundryEnv.build/CloudFoundryEnvError.swift.o",
    "swiftmodule": "/Users/siavash/Desktop/Microservice2/.build/debug/CloudFoundryEnv.build/CloudFoundryEnvError~partial.swiftmodule",
    "swift-dependencies": "/Users/siavash/Desktop/Microservice2/.build/debug/CloudFoundryEnv.build/CloudFoundryEnvError.swiftdeps"
  },
  "/Users/siavash/Desktop/Microservice2/Packages/CloudFoundryEnv-1.7.0/Sources/CloudFoundryEnv/DateUtils.swift": {
    "dependencies": "/Users/siavash/Desktop/Microservice2/.build/debug/CloudFoundryEnv.build/DateUtils.d",
    "object": "/Users/siavash/Desktop/Microservice2/.build/debug/CloudFoundryEnv.build/DateUtils.swift.o",
    "swiftmodule": "/Users/siavash/Desktop/Microservice2/.build/debug/CloudFoundryEnv.build/DateUtils~partial.swiftmodule",
    "swift-dependencies": "/Users/siavash/Desktop/Microservice2/.build/debug/CloudFoundryEnv.build/DateUtils.swiftdeps"
  },
  "/Users/siavash/Desktop/Microservice2/Packages/CloudFoundryEnv-1.7.0/Sources/CloudFoundryEnv/JSONUtils.swift": {
    "dependencies": "/Users/siavash/Desktop/Microservice2/.build/debug/CloudFoundryEnv.build/JSONUtils.d",
    "object": "/Users/siavash/Desktop/Microservice2/.build/debug/CloudFoundryEnv.build/JSONUtils.swift.o",
    "swiftmodule": "/Users/siavash/Desktop/Microservice2/.build/debug/CloudFoundryEnv.build/JSONUtils~partial.swiftmodule",
    "swift-dependencies": "/Users/siavash/Desktop/Microservice2/.build/debug/CloudFoundryEnv.build/JSONUtils.swiftdeps"
  },
  "/Users/siavash/Desktop/Microservice2/Packages/CloudFoundryEnv-1.7.0/Sources/CloudFoundryEnv/Service.swift": {
    "dependencies": "/Users/siavash/Desktop/Microservice2/.build/debug/CloudFoundryEnv.build/Service.d",
    "object": "/Users/siavash/Desktop/Microservice2/.build/debug/CloudFoundryEnv.build/Service.swift.o",
    "swiftmodule": "/Users/siavash/Desktop/Microservice2/.build/debug/CloudFoundryEnv.build/Service~partial.swiftmodule",
    "swift-dependencies": "/Users/siavash/Desktop/Microservice2/.build/debug/CloudFoundryEnv.build/Service.swiftdeps"
  }
}
