{
  "": {
    "swift-dependencies": "/Users/siavash/Desktop/Microservice2/.build/debug/Kitura.build/master.swiftdeps"
  },
  "/Users/siavash/Desktop/Microservice2/Packages/Kitura-1.0.0/Sources/Kitura/Error.swift": {
    "dependencies": "/Users/siavash/Desktop/Microservice2/.build/debug/Kitura.build/Error.d",
    "object": "/Users/siavash/Desktop/Microservice2/.build/debug/Kitura.build/Error.swift.o",
    "swiftmodule": "/Users/siavash/Desktop/Microservice2/.build/debug/Kitura.build/Error~partial.swiftmodule",
    "swift-dependencies": "/Users/siavash/Desktop/Microservice2/.build/debug/Kitura.build/Error.swiftdeps"
  },
  "/Users/siavash/Desktop/Microservice2/Packages/Kitura-1.0.0/Sources/Kitura/FileResourceServer.swift": {
    "dependencies": "/Users/siavash/Desktop/Microservice2/.build/debug/Kitura.build/FileResourceServer.d",
    "object": "/Users/siavash/Desktop/Microservice2/.build/debug/Kitura.build/FileResourceServer.swift.o",
    "swiftmodule": "/Users/siavash/Desktop/Microservice2/.build/debug/Kitura.build/FileResourceServer~partial.swiftmodule",
    "swift-dependencies": "/Users/siavash/Desktop/Microservice2/.build/debug/Kitura.build/FileResourceServer.swiftdeps"
  },
  "/Users/siavash/Desktop/Microservice2/Packages/Kitura-1.0.0/Sources/Kitura/Headers.swift": {
    "dependencies": "/Users/siavash/Desktop/Microservice2/.build/debug/Kitura.build/Headers.d",
    "object": "/Users/siavash/Desktop/Microservice2/.build/debug/Kitura.build/Headers.swift.o",
    "swiftmodule": "/Users/siavash/Desktop/Microservice2/.build/debug/Kitura.build/Headers~partial.swiftmodule",
    "swift-dependencies": "/Users/siavash/Desktop/Microservice2/.build/debug/Kitura.build/Headers.swiftdeps"
  },
  "/Users/siavash/Desktop/Microservice2/Packages/Kitura-1.0.0/Sources/Kitura/HTTPVersion.swift": {
    "dependencies": "/Users/siavash/Desktop/Microservice2/.build/debug/Kitura.build/HTTPVersion.d",
    "object": "/Users/siavash/Desktop/Microservice2/.build/debug/Kitura.build/HTTPVersion.swift.o",
    "swiftmodule": "/Users/siavash/Desktop/Microservice2/.build/debug/Kitura.build/HTTPVersion~partial.swiftmodule",
    "swift-dependencies": "/Users/siavash/Desktop/Microservice2/.build/debug/Kitura.build/HTTPVersion.swiftdeps"
  },
  "/Users/siavash/Desktop/Microservice2/Packages/Kitura-1.0.0/Sources/Kitura/InternalError.swift": {
    "dependencies": "/Users/siavash/Desktop/Microservice2/.build/debug/Kitura.build/InternalError.d",
    "object": "/Users/siavash/Desktop/Microservice2/.build/debug/Kitura.build/InternalError.swift.o",
    "swiftmodule": "/Users/siavash/Desktop/Microservice2/.build/debug/Kitura.build/InternalError~partial.swiftmodule",
    "swift-dependencies": "/Users/siavash/Desktop/Microservice2/.build/debug/Kitura.build/InternalError.swiftdeps"
  },
  "/Users/siavash/Desktop/Microservice2/Packages/Kitura-1.0.0/Sources/Kitura/JSONPError.swift": {
    "dependencies": "/Users/siavash/Desktop/Microservice2/.build/debug/Kitura.build/JSONPError.d",
    "object": "/Users/siavash/Desktop/Microservice2/.build/debug/Kitura.build/JSONPError.swift.o",
    "swiftmodule": "/Users/siavash/Desktop/Microservice2/.build/debug/Kitura.build/JSONPError~partial.swiftmodule",
    "swift-dependencies": "/Users/siavash/Desktop/Microservice2/.build/debug/Kitura.build/JSONPError.swiftdeps"
  },
  "/Users/siavash/Desktop/Microservice2/Packages/Kitura-1.0.0/Sources/Kitura/Kitura.swift": {
    "dependencies": "/Users/siavash/Desktop/Microservice2/.build/debug/Kitura.build/Kitura.d",
    "object": "/Users/siavash/Desktop/Microservice2/.build/debug/Kitura.build/Kitura.swift.o",
    "swiftmodule": "/Users/siavash/Desktop/Microservice2/.build/debug/Kitura.build/Kitura~partial.swiftmodule",
    "swift-dependencies": "/Users/siavash/Desktop/Microservice2/.build/debug/Kitura.build/Kitura.swiftdeps"
  },
  "/Users/siavash/Desktop/Microservice2/Packages/Kitura-1.0.0/Sources/Kitura/LinkParameter.swift": {
    "dependencies": "/Users/siavash/Desktop/Microservice2/.build/debug/Kitura.build/LinkParameter.d",
    "object": "/Users/siavash/Desktop/Microservice2/.build/debug/Kitura.build/LinkParameter.swift.o",
    "swiftmodule": "/Users/siavash/Desktop/Microservice2/.build/debug/Kitura.build/LinkParameter~partial.swiftmodule",
    "swift-dependencies": "/Users/siavash/Desktop/Microservice2/.build/debug/Kitura.build/LinkParameter.swiftdeps"
  },
  "/Users/siavash/Desktop/Microservice2/Packages/Kitura-1.0.0/Sources/Kitura/MimeTypeAcceptor.swift": {
    "dependencies": "/Users/siavash/Desktop/Microservice2/.build/debug/Kitura.build/MimeTypeAcceptor.d",
    "object": "/Users/siavash/Desktop/Microservice2/.build/debug/Kitura.build/MimeTypeAcceptor.swift.o",
    "swiftmodule": "/Users/siavash/Desktop/Microservice2/.build/debug/Kitura.build/MimeTypeAcceptor~partial.swiftmodule",
    "swift-dependencies": "/Users/siavash/Desktop/Microservice2/.build/debug/Kitura.build/MimeTypeAcceptor.swiftdeps"
  },
  "/Users/siavash/Desktop/Microservice2/Packages/Kitura-1.0.0/Sources/Kitura/Router.swift": {
    "dependencies": "/Users/siavash/Desktop/Microservice2/.build/debug/Kitura.build/Router.d",
    "object": "/Users/siavash/Desktop/Microservice2/.build/debug/Kitura.build/Router.swift.o",
    "swiftmodule": "/Users/siavash/Desktop/Microservice2/.build/debug/Kitura.build/Router~partial.swiftmodule",
    "swift-dependencies": "/Users/siavash/Desktop/Microservice2/.build/debug/Kitura.build/Router.swiftdeps"
  },
  "/Users/siavash/Desktop/Microservice2/Packages/Kitura-1.0.0/Sources/Kitura/RouteRegex.swift": {
    "dependencies": "/Users/siavash/Desktop/Microservice2/.build/debug/Kitura.build/RouteRegex.d",
    "object": "/Users/siavash/Desktop/Microservice2/.build/debug/Kitura.build/RouteRegex.swift.o",
    "swiftmodule": "/Users/siavash/Desktop/Microservice2/.build/debug/Kitura.build/RouteRegex~partial.swiftmodule",
    "swift-dependencies": "/Users/siavash/Desktop/Microservice2/.build/debug/Kitura.build/RouteRegex.swiftdeps"
  },
  "/Users/siavash/Desktop/Microservice2/Packages/Kitura-1.0.0/Sources/Kitura/RouterElement.swift": {
    "dependencies": "/Users/siavash/Desktop/Microservice2/.build/debug/Kitura.build/RouterElement.d",
    "object": "/Users/siavash/Desktop/Microservice2/.build/debug/Kitura.build/RouterElement.swift.o",
    "swiftmodule": "/Users/siavash/Desktop/Microservice2/.build/debug/Kitura.build/RouterElement~partial.swiftmodule",
    "swift-dependencies": "/Users/siavash/Desktop/Microservice2/.build/debug/Kitura.build/RouterElement.swiftdeps"
  },
  "/Users/siavash/Desktop/Microservice2/Packages/Kitura-1.0.0/Sources/Kitura/RouterElementWalker.swift": {
    "dependencies": "/Users/siavash/Desktop/Microservice2/.build/debug/Kitura.build/RouterElementWalker.d",
    "object": "/Users/siavash/Desktop/Microservice2/.build/debug/Kitura.build/RouterElementWalker.swift.o",
    "swiftmodule": "/Users/siavash/Desktop/Microservice2/.build/debug/Kitura.build/RouterElementWalker~partial.swiftmodule",
    "swift-dependencies": "/Users/siavash/Desktop/Microservice2/.build/debug/Kitura.build/RouterElementWalker.swiftdeps"
  },
  "/Users/siavash/Desktop/Microservice2/Packages/Kitura-1.0.0/Sources/Kitura/RouterHandler.swift": {
    "dependencies": "/Users/siavash/Desktop/Microservice2/.build/debug/Kitura.build/RouterHandler.d",
    "object": "/Users/siavash/Desktop/Microservice2/.build/debug/Kitura.build/RouterHandler.swift.o",
    "swiftmodule": "/Users/siavash/Desktop/Microservice2/.build/debug/Kitura.build/RouterHandler~partial.swiftmodule",
    "swift-dependencies": "/Users/siavash/Desktop/Microservice2/.build/debug/Kitura.build/RouterHandler.swiftdeps"
  },
  "/Users/siavash/Desktop/Microservice2/Packages/Kitura-1.0.0/Sources/Kitura/RouterHTTPVerbs+Error.swift": {
    "dependencies": "/Users/siavash/Desktop/Microservice2/.build/debug/Kitura.build/RouterHTTPVerbs+Error.d",
    "object": "/Users/siavash/Desktop/Microservice2/.build/debug/Kitura.build/RouterHTTPVerbs+Error.swift.o",
    "swiftmodule": "/Users/siavash/Desktop/Microservice2/.build/debug/Kitura.build/RouterHTTPVerbs+Error~partial.swiftmodule",
    "swift-dependencies": "/Users/siavash/Desktop/Microservice2/.build/debug/Kitura.build/RouterHTTPVerbs+Error.swiftdeps"
  },
  "/Users/siavash/Desktop/Microservice2/Packages/Kitura-1.0.0/Sources/Kitura/RouterHTTPVerbs_generated.swift": {
    "dependencies": "/Users/siavash/Desktop/Microservice2/.build/debug/Kitura.build/RouterHTTPVerbs_generated.d",
    "object": "/Users/siavash/Desktop/Microservice2/.build/debug/Kitura.build/RouterHTTPVerbs_generated.swift.o",
    "swiftmodule": "/Users/siavash/Desktop/Microservice2/.build/debug/Kitura.build/RouterHTTPVerbs_generated~partial.swiftmodule",
    "swift-dependencies": "/Users/siavash/Desktop/Microservice2/.build/debug/Kitura.build/RouterHTTPVerbs_generated.swiftdeps"
  },
  "/Users/siavash/Desktop/Microservice2/Packages/Kitura-1.0.0/Sources/Kitura/RouterMethod.swift": {
    "dependencies": "/Users/siavash/Desktop/Microservice2/.build/debug/Kitura.build/RouterMethod.d",
    "object": "/Users/siavash/Desktop/Microservice2/.build/debug/Kitura.build/RouterMethod.swift.o",
    "swiftmodule": "/Users/siavash/Desktop/Microservice2/.build/debug/Kitura.build/RouterMethod~partial.swiftmodule",
    "swift-dependencies": "/Users/siavash/Desktop/Microservice2/.build/debug/Kitura.build/RouterMethod.swiftdeps"
  },
  "/Users/siavash/Desktop/Microservice2/Packages/Kitura-1.0.0/Sources/Kitura/RouterMiddleware.swift": {
    "dependencies": "/Users/siavash/Desktop/Microservice2/.build/debug/Kitura.build/RouterMiddleware.d",
    "object": "/Users/siavash/Desktop/Microservice2/.build/debug/Kitura.build/RouterMiddleware.swift.o",
    "swiftmodule": "/Users/siavash/Desktop/Microservice2/.build/debug/Kitura.build/RouterMiddleware~partial.swiftmodule",
    "swift-dependencies": "/Users/siavash/Desktop/Microservice2/.build/debug/Kitura.build/RouterMiddleware.swiftdeps"
  },
  "/Users/siavash/Desktop/Microservice2/Packages/Kitura-1.0.0/Sources/Kitura/RouterMiddlewareGenerator.swift": {
    "dependencies": "/Users/siavash/Desktop/Microservice2/.build/debug/Kitura.build/RouterMiddlewareGenerator.d",
    "object": "/Users/siavash/Desktop/Microservice2/.build/debug/Kitura.build/RouterMiddlewareGenerator.swift.o",
    "swiftmodule": "/Users/siavash/Desktop/Microservice2/.build/debug/Kitura.build/RouterMiddlewareGenerator~partial.swiftmodule",
    "swift-dependencies": "/Users/siavash/Desktop/Microservice2/.build/debug/Kitura.build/RouterMiddlewareGenerator.swiftdeps"
  },
  "/Users/siavash/Desktop/Microservice2/Packages/Kitura-1.0.0/Sources/Kitura/RouterMiddlewareWalker.swift": {
    "dependencies": "/Users/siavash/Desktop/Microservice2/.build/debug/Kitura.build/RouterMiddlewareWalker.d",
    "object": "/Users/siavash/Desktop/Microservice2/.build/debug/Kitura.build/RouterMiddlewareWalker.swift.o",
    "swiftmodule": "/Users/siavash/Desktop/Microservice2/.build/debug/Kitura.build/RouterMiddlewareWalker~partial.swiftmodule",
    "swift-dependencies": "/Users/siavash/Desktop/Microservice2/.build/debug/Kitura.build/RouterMiddlewareWalker.swiftdeps"
  },
  "/Users/siavash/Desktop/Microservice2/Packages/Kitura-1.0.0/Sources/Kitura/RouterRequest.swift": {
    "dependencies": "/Users/siavash/Desktop/Microservice2/.build/debug/Kitura.build/RouterRequest.d",
    "object": "/Users/siavash/Desktop/Microservice2/.build/debug/Kitura.build/RouterRequest.swift.o",
    "swiftmodule": "/Users/siavash/Desktop/Microservice2/.build/debug/Kitura.build/RouterRequest~partial.swiftmodule",
    "swift-dependencies": "/Users/siavash/Desktop/Microservice2/.build/debug/Kitura.build/RouterRequest.swiftdeps"
  },
  "/Users/siavash/Desktop/Microservice2/Packages/Kitura-1.0.0/Sources/Kitura/RouterResponse.swift": {
    "dependencies": "/Users/siavash/Desktop/Microservice2/.build/debug/Kitura.build/RouterResponse.d",
    "object": "/Users/siavash/Desktop/Microservice2/.build/debug/Kitura.build/RouterResponse.swift.o",
    "swiftmodule": "/Users/siavash/Desktop/Microservice2/.build/debug/Kitura.build/RouterResponse~partial.swiftmodule",
    "swift-dependencies": "/Users/siavash/Desktop/Microservice2/.build/debug/Kitura.build/RouterResponse.swiftdeps"
  },
  "/Users/siavash/Desktop/Microservice2/Packages/Kitura-1.0.0/Sources/Kitura/SSLConfig.swift": {
    "dependencies": "/Users/siavash/Desktop/Microservice2/.build/debug/Kitura.build/SSLConfig.d",
    "object": "/Users/siavash/Desktop/Microservice2/.build/debug/Kitura.build/SSLConfig.swift.o",
    "swiftmodule": "/Users/siavash/Desktop/Microservice2/.build/debug/Kitura.build/SSLConfig~partial.swiftmodule",
    "swift-dependencies": "/Users/siavash/Desktop/Microservice2/.build/debug/Kitura.build/SSLConfig.swiftdeps"
  },
  "/Users/siavash/Desktop/Microservice2/Packages/Kitura-1.0.0/Sources/Kitura/TemplatingError.swift": {
    "dependencies": "/Users/siavash/Desktop/Microservice2/.build/debug/Kitura.build/TemplatingError.d",
    "object": "/Users/siavash/Desktop/Microservice2/.build/debug/Kitura.build/TemplatingError.swift.o",
    "swiftmodule": "/Users/siavash/Desktop/Microservice2/.build/debug/Kitura.build/TemplatingError~partial.swiftmodule",
    "swift-dependencies": "/Users/siavash/Desktop/Microservice2/.build/debug/Kitura.build/TemplatingError.swiftdeps"
  },
  "/Users/siavash/Desktop/Microservice2/Packages/Kitura-1.0.0/Sources/Kitura/bodyParser/BodyParser.swift": {
    "dependencies": "/Users/siavash/Desktop/Microservice2/.build/debug/Kitura.build/BodyParser.d",
    "object": "/Users/siavash/Desktop/Microservice2/.build/debug/Kitura.build/bodyParser/BodyParser.swift.o",
    "swiftmodule": "/Users/siavash/Desktop/Microservice2/.build/debug/Kitura.build/BodyParser~partial.swiftmodule",
    "swift-dependencies": "/Users/siavash/Desktop/Microservice2/.build/debug/Kitura.build/BodyParser.swiftdeps"
  },
  "/Users/siavash/Desktop/Microservice2/Packages/Kitura-1.0.0/Sources/Kitura/bodyParser/BodyParserProtocol.swift": {
    "dependencies": "/Users/siavash/Desktop/Microservice2/.build/debug/Kitura.build/BodyParserProtocol.d",
    "object": "/Users/siavash/Desktop/Microservice2/.build/debug/Kitura.build/bodyParser/BodyParserProtocol.swift.o",
    "swiftmodule": "/Users/siavash/Desktop/Microservice2/.build/debug/Kitura.build/BodyParserProtocol~partial.swiftmodule",
    "swift-dependencies": "/Users/siavash/Desktop/Microservice2/.build/debug/Kitura.build/BodyParserProtocol.swiftdeps"
  },
  "/Users/siavash/Desktop/Microservice2/Packages/Kitura-1.0.0/Sources/Kitura/bodyParser/JSONBodyParser.swift": {
    "dependencies": "/Users/siavash/Desktop/Microservice2/.build/debug/Kitura.build/JSONBodyParser.d",
    "object": "/Users/siavash/Desktop/Microservice2/.build/debug/Kitura.build/bodyParser/JSONBodyParser.swift.o",
    "swiftmodule": "/Users/siavash/Desktop/Microservice2/.build/debug/Kitura.build/JSONBodyParser~partial.swiftmodule",
    "swift-dependencies": "/Users/siavash/Desktop/Microservice2/.build/debug/Kitura.build/JSONBodyParser.swiftdeps"
  },
  "/Users/siavash/Desktop/Microservice2/Packages/Kitura-1.0.0/Sources/Kitura/bodyParser/MultiPartBodyParser.swift": {
    "dependencies": "/Users/siavash/Desktop/Microservice2/.build/debug/Kitura.build/MultiPartBodyParser.d",
    "object": "/Users/siavash/Desktop/Microservice2/.build/debug/Kitura.build/bodyParser/MultiPartBodyParser.swift.o",
    "swiftmodule": "/Users/siavash/Desktop/Microservice2/.build/debug/Kitura.build/MultiPartBodyParser~partial.swiftmodule",
    "swift-dependencies": "/Users/siavash/Desktop/Microservice2/.build/debug/Kitura.build/MultiPartBodyParser.swiftdeps"
  },
  "/Users/siavash/Desktop/Microservice2/Packages/Kitura-1.0.0/Sources/Kitura/bodyParser/ParsedBody.swift": {
    "dependencies": "/Users/siavash/Desktop/Microservice2/.build/debug/Kitura.build/ParsedBody.d",
    "object": "/Users/siavash/Desktop/Microservice2/.build/debug/Kitura.build/bodyParser/ParsedBody.swift.o",
    "swiftmodule": "/Users/siavash/Desktop/Microservice2/.build/debug/Kitura.build/ParsedBody~partial.swiftmodule",
    "swift-dependencies": "/Users/siavash/Desktop/Microservice2/.build/debug/Kitura.build/ParsedBody.swiftdeps"
  },
  "/Users/siavash/Desktop/Microservice2/Packages/Kitura-1.0.0/Sources/Kitura/bodyParser/Part.swift": {
    "dependencies": "/Users/siavash/Desktop/Microservice2/.build/debug/Kitura.build/Part.d",
    "object": "/Users/siavash/Desktop/Microservice2/.build/debug/Kitura.build/bodyParser/Part.swift.o",
    "swiftmodule": "/Users/siavash/Desktop/Microservice2/.build/debug/Kitura.build/Part~partial.swiftmodule",
    "swift-dependencies": "/Users/siavash/Desktop/Microservice2/.build/debug/Kitura.build/Part.swiftdeps"
  },
  "/Users/siavash/Desktop/Microservice2/Packages/Kitura-1.0.0/Sources/Kitura/bodyParser/TextBodyParser.swift": {
    "dependencies": "/Users/siavash/Desktop/Microservice2/.build/debug/Kitura.build/TextBodyParser.d",
    "object": "/Users/siavash/Desktop/Microservice2/.build/debug/Kitura.build/bodyParser/TextBodyParser.swift.o",
    "swiftmodule": "/Users/siavash/Desktop/Microservice2/.build/debug/Kitura.build/TextBodyParser~partial.swiftmodule",
    "swift-dependencies": "/Users/siavash/Desktop/Microservice2/.build/debug/Kitura.build/TextBodyParser.swiftdeps"
  },
  "/Users/siavash/Desktop/Microservice2/Packages/Kitura-1.0.0/Sources/Kitura/bodyParser/URLEncodedBodyParser.swift": {
    "dependencies": "/Users/siavash/Desktop/Microservice2/.build/debug/Kitura.build/URLEncodedBodyParser.d",
    "object": "/Users/siavash/Desktop/Microservice2/.build/debug/Kitura.build/bodyParser/URLEncodedBodyParser.swift.o",
    "swiftmodule": "/Users/siavash/Desktop/Microservice2/.build/debug/Kitura.build/URLEncodedBodyParser~partial.swiftmodule",
    "swift-dependencies": "/Users/siavash/Desktop/Microservice2/.build/debug/Kitura.build/URLEncodedBodyParser.swiftdeps"
  },
  "/Users/siavash/Desktop/Microservice2/Packages/Kitura-1.0.0/Sources/Kitura/contentType/ContentType.swift": {
    "dependencies": "/Users/siavash/Desktop/Microservice2/.build/debug/Kitura.build/ContentType.d",
    "object": "/Users/siavash/Desktop/Microservice2/.build/debug/Kitura.build/contentType/ContentType.swift.o",
    "swiftmodule": "/Users/siavash/Desktop/Microservice2/.build/debug/Kitura.build/ContentType~partial.swiftmodule",
    "swift-dependencies": "/Users/siavash/Desktop/Microservice2/.build/debug/Kitura.build/ContentType.swiftdeps"
  },
  "/Users/siavash/Desktop/Microservice2/Packages/Kitura-1.0.0/Sources/Kitura/contentType/types.swift": {
    "dependencies": "/Users/siavash/Desktop/Microservice2/.build/debug/Kitura.build/types.d",
    "object": "/Users/siavash/Desktop/Microservice2/.build/debug/Kitura.build/contentType/types.swift.o",
    "swiftmodule": "/Users/siavash/Desktop/Microservice2/.build/debug/Kitura.build/types~partial.swiftmodule",
    "swift-dependencies": "/Users/siavash/Desktop/Microservice2/.build/debug/Kitura.build/types.swiftdeps"
  },
  "/Users/siavash/Desktop/Microservice2/Packages/Kitura-1.0.0/Sources/Kitura/staticFileServer/CacheRelatedHeadersSetter.swift": {
    "dependencies": "/Users/siavash/Desktop/Microservice2/.build/debug/Kitura.build/CacheRelatedHeadersSetter.d",
    "object": "/Users/siavash/Desktop/Microservice2/.build/debug/Kitura.build/staticFileServer/CacheRelatedHeadersSetter.swift.o",
    "swiftmodule": "/Users/siavash/Desktop/Microservice2/.build/debug/Kitura.build/CacheRelatedHeadersSetter~partial.swiftmodule",
    "swift-dependencies": "/Users/siavash/Desktop/Microservice2/.build/debug/Kitura.build/CacheRelatedHeadersSetter.swiftdeps"
  },
  "/Users/siavash/Desktop/Microservice2/Packages/Kitura-1.0.0/Sources/Kitura/staticFileServer/CompositeHeadersSetter.swift": {
    "dependencies": "/Users/siavash/Desktop/Microservice2/.build/debug/Kitura.build/CompositeHeadersSetter.d",
    "object": "/Users/siavash/Desktop/Microservice2/.build/debug/Kitura.build/staticFileServer/CompositeHeadersSetter.swift.o",
    "swiftmodule": "/Users/siavash/Desktop/Microservice2/.build/debug/Kitura.build/CompositeHeadersSetter~partial.swiftmodule",
    "swift-dependencies": "/Users/siavash/Desktop/Microservice2/.build/debug/Kitura.build/CompositeHeadersSetter.swiftdeps"
  },
  "/Users/siavash/Desktop/Microservice2/Packages/Kitura-1.0.0/Sources/Kitura/staticFileServer/FileServer.swift": {
    "dependencies": "/Users/siavash/Desktop/Microservice2/.build/debug/Kitura.build/FileServer.d",
    "object": "/Users/siavash/Desktop/Microservice2/.build/debug/Kitura.build/staticFileServer/FileServer.swift.o",
    "swiftmodule": "/Users/siavash/Desktop/Microservice2/.build/debug/Kitura.build/FileServer~partial.swiftmodule",
    "swift-dependencies": "/Users/siavash/Desktop/Microservice2/.build/debug/Kitura.build/FileServer.swiftdeps"
  },
  "/Users/siavash/Desktop/Microservice2/Packages/Kitura-1.0.0/Sources/Kitura/staticFileServer/ResourcePathHandler.swift": {
    "dependencies": "/Users/siavash/Desktop/Microservice2/.build/debug/Kitura.build/ResourcePathHandler.d",
    "object": "/Users/siavash/Desktop/Microservice2/.build/debug/Kitura.build/staticFileServer/ResourcePathHandler.swift.o",
    "swiftmodule": "/Users/siavash/Desktop/Microservice2/.build/debug/Kitura.build/ResourcePathHandler~partial.swiftmodule",
    "swift-dependencies": "/Users/siavash/Desktop/Microservice2/.build/debug/Kitura.build/ResourcePathHandler.swiftdeps"
  },
  "/Users/siavash/Desktop/Microservice2/Packages/Kitura-1.0.0/Sources/Kitura/staticFileServer/ResponseHeadersSetter.swift": {
    "dependencies": "/Users/siavash/Desktop/Microservice2/.build/debug/Kitura.build/ResponseHeadersSetter.d",
    "object": "/Users/siavash/Desktop/Microservice2/.build/debug/Kitura.build/staticFileServer/ResponseHeadersSetter.swift.o",
    "swiftmodule": "/Users/siavash/Desktop/Microservice2/.build/debug/Kitura.build/ResponseHeadersSetter~partial.swiftmodule",
    "swift-dependencies": "/Users/siavash/Desktop/Microservice2/.build/debug/Kitura.build/ResponseHeadersSetter.swiftdeps"
  },
  "/Users/siavash/Desktop/Microservice2/Packages/Kitura-1.0.0/Sources/Kitura/staticFileServer/StaticFileServer.swift": {
    "dependencies": "/Users/siavash/Desktop/Microservice2/.build/debug/Kitura.build/StaticFileServer.d",
    "object": "/Users/siavash/Desktop/Microservice2/.build/debug/Kitura.build/staticFileServer/StaticFileServer.swift.o",
    "swiftmodule": "/Users/siavash/Desktop/Microservice2/.build/debug/Kitura.build/StaticFileServer~partial.swiftmodule",
    "swift-dependencies": "/Users/siavash/Desktop/Microservice2/.build/debug/Kitura.build/StaticFileServer.swiftdeps"
  }
}
