{
  "": {
    "swift-dependencies": "/Users/siavash/Desktop/Microservice2/.build/debug/KituraNet.build/master.swiftdeps"
  },
  "/Users/siavash/Desktop/Microservice2/Packages/Kitura-net-1.0.0/Sources/KituraNet/BufferList.swift": {
    "dependencies": "/Users/siavash/Desktop/Microservice2/.build/debug/KituraNet.build/BufferList.d",
    "object": "/Users/siavash/Desktop/Microservice2/.build/debug/KituraNet.build/BufferList.swift.o",
    "swiftmodule": "/Users/siavash/Desktop/Microservice2/.build/debug/KituraNet.build/BufferList~partial.swiftmodule",
    "swift-dependencies": "/Users/siavash/Desktop/Microservice2/.build/debug/KituraNet.build/BufferList.swiftdeps"
  },
  "/Users/siavash/Desktop/Microservice2/Packages/Kitura-net-1.0.0/Sources/KituraNet/ClientRequest.swift": {
    "dependencies": "/Users/siavash/Desktop/Microservice2/.build/debug/KituraNet.build/ClientRequest.d",
    "object": "/Users/siavash/Desktop/Microservice2/.build/debug/KituraNet.build/ClientRequest.swift.o",
    "swiftmodule": "/Users/siavash/Desktop/Microservice2/.build/debug/KituraNet.build/ClientRequest~partial.swiftmodule",
    "swift-dependencies": "/Users/siavash/Desktop/Microservice2/.build/debug/KituraNet.build/ClientRequest.swiftdeps"
  },
  "/Users/siavash/Desktop/Microservice2/Packages/Kitura-net-1.0.0/Sources/KituraNet/ClientResponse.swift": {
    "dependencies": "/Users/siavash/Desktop/Microservice2/.build/debug/KituraNet.build/ClientResponse.d",
    "object": "/Users/siavash/Desktop/Microservice2/.build/debug/KituraNet.build/ClientResponse.swift.o",
    "swiftmodule": "/Users/siavash/Desktop/Microservice2/.build/debug/KituraNet.build/ClientResponse~partial.swiftmodule",
    "swift-dependencies": "/Users/siavash/Desktop/Microservice2/.build/debug/KituraNet.build/ClientResponse.swiftdeps"
  },
  "/Users/siavash/Desktop/Microservice2/Packages/Kitura-net-1.0.0/Sources/KituraNet/Error.swift": {
    "dependencies": "/Users/siavash/Desktop/Microservice2/.build/debug/KituraNet.build/Error.d",
    "object": "/Users/siavash/Desktop/Microservice2/.build/debug/KituraNet.build/Error.swift.o",
    "swiftmodule": "/Users/siavash/Desktop/Microservice2/.build/debug/KituraNet.build/Error~partial.swiftmodule",
    "swift-dependencies": "/Users/siavash/Desktop/Microservice2/.build/debug/KituraNet.build/Error.swiftdeps"
  },
  "/Users/siavash/Desktop/Microservice2/Packages/Kitura-net-1.0.0/Sources/KituraNet/HeadersContainer.swift": {
    "dependencies": "/Users/siavash/Desktop/Microservice2/.build/debug/KituraNet.build/HeadersContainer.d",
    "object": "/Users/siavash/Desktop/Microservice2/.build/debug/KituraNet.build/HeadersContainer.swift.o",
    "swiftmodule": "/Users/siavash/Desktop/Microservice2/.build/debug/KituraNet.build/HeadersContainer~partial.swiftmodule",
    "swift-dependencies": "/Users/siavash/Desktop/Microservice2/.build/debug/KituraNet.build/HeadersContainer.swiftdeps"
  },
  "/Users/siavash/Desktop/Microservice2/Packages/Kitura-net-1.0.0/Sources/KituraNet/IncomingSocketHandler.swift": {
    "dependencies": "/Users/siavash/Desktop/Microservice2/.build/debug/KituraNet.build/IncomingSocketHandler.d",
    "object": "/Users/siavash/Desktop/Microservice2/.build/debug/KituraNet.build/IncomingSocketHandler.swift.o",
    "swiftmodule": "/Users/siavash/Desktop/Microservice2/.build/debug/KituraNet.build/IncomingSocketHandler~partial.swiftmodule",
    "swift-dependencies": "/Users/siavash/Desktop/Microservice2/.build/debug/KituraNet.build/IncomingSocketHandler.swiftdeps"
  },
  "/Users/siavash/Desktop/Microservice2/Packages/Kitura-net-1.0.0/Sources/KituraNet/IncomingSocketManager.swift": {
    "dependencies": "/Users/siavash/Desktop/Microservice2/.build/debug/KituraNet.build/IncomingSocketManager.d",
    "object": "/Users/siavash/Desktop/Microservice2/.build/debug/KituraNet.build/IncomingSocketManager.swift.o",
    "swiftmodule": "/Users/siavash/Desktop/Microservice2/.build/debug/KituraNet.build/IncomingSocketManager~partial.swiftmodule",
    "swift-dependencies": "/Users/siavash/Desktop/Microservice2/.build/debug/KituraNet.build/IncomingSocketManager.swiftdeps"
  },
  "/Users/siavash/Desktop/Microservice2/Packages/Kitura-net-1.0.0/Sources/KituraNet/IncomingSocketProcessor.swift": {
    "dependencies": "/Users/siavash/Desktop/Microservice2/.build/debug/KituraNet.build/IncomingSocketProcessor.d",
    "object": "/Users/siavash/Desktop/Microservice2/.build/debug/KituraNet.build/IncomingSocketProcessor.swift.o",
    "swiftmodule": "/Users/siavash/Desktop/Microservice2/.build/debug/KituraNet.build/IncomingSocketProcessor~partial.swiftmodule",
    "swift-dependencies": "/Users/siavash/Desktop/Microservice2/.build/debug/KituraNet.build/IncomingSocketProcessor.swiftdeps"
  },
  "/Users/siavash/Desktop/Microservice2/Packages/Kitura-net-1.0.0/Sources/KituraNet/ListenerGroup.swift": {
    "dependencies": "/Users/siavash/Desktop/Microservice2/.build/debug/KituraNet.build/ListenerGroup.d",
    "object": "/Users/siavash/Desktop/Microservice2/.build/debug/KituraNet.build/ListenerGroup.swift.o",
    "swiftmodule": "/Users/siavash/Desktop/Microservice2/.build/debug/KituraNet.build/ListenerGroup~partial.swiftmodule",
    "swift-dependencies": "/Users/siavash/Desktop/Microservice2/.build/debug/KituraNet.build/ListenerGroup.swiftdeps"
  },
  "/Users/siavash/Desktop/Microservice2/Packages/Kitura-net-1.0.0/Sources/KituraNet/PseudoSynchronousReader.swift": {
    "dependencies": "/Users/siavash/Desktop/Microservice2/.build/debug/KituraNet.build/PseudoSynchronousReader.d",
    "object": "/Users/siavash/Desktop/Microservice2/.build/debug/KituraNet.build/PseudoSynchronousReader.swift.o",
    "swiftmodule": "/Users/siavash/Desktop/Microservice2/.build/debug/KituraNet.build/PseudoSynchronousReader~partial.swiftmodule",
    "swift-dependencies": "/Users/siavash/Desktop/Microservice2/.build/debug/KituraNet.build/PseudoSynchronousReader.swiftdeps"
  },
  "/Users/siavash/Desktop/Microservice2/Packages/Kitura-net-1.0.0/Sources/KituraNet/ServerDelegate.swift": {
    "dependencies": "/Users/siavash/Desktop/Microservice2/.build/debug/KituraNet.build/ServerDelegate.d",
    "object": "/Users/siavash/Desktop/Microservice2/.build/debug/KituraNet.build/ServerDelegate.swift.o",
    "swiftmodule": "/Users/siavash/Desktop/Microservice2/.build/debug/KituraNet.build/ServerDelegate~partial.swiftmodule",
    "swift-dependencies": "/Users/siavash/Desktop/Microservice2/.build/debug/KituraNet.build/ServerDelegate.swiftdeps"
  },
  "/Users/siavash/Desktop/Microservice2/Packages/Kitura-net-1.0.0/Sources/KituraNet/ServerRequest.swift": {
    "dependencies": "/Users/siavash/Desktop/Microservice2/.build/debug/KituraNet.build/ServerRequest.d",
    "object": "/Users/siavash/Desktop/Microservice2/.build/debug/KituraNet.build/ServerRequest.swift.o",
    "swiftmodule": "/Users/siavash/Desktop/Microservice2/.build/debug/KituraNet.build/ServerRequest~partial.swiftmodule",
    "swift-dependencies": "/Users/siavash/Desktop/Microservice2/.build/debug/KituraNet.build/ServerRequest.swiftdeps"
  },
  "/Users/siavash/Desktop/Microservice2/Packages/Kitura-net-1.0.0/Sources/KituraNet/ServerResponse.swift": {
    "dependencies": "/Users/siavash/Desktop/Microservice2/.build/debug/KituraNet.build/ServerResponse.d",
    "object": "/Users/siavash/Desktop/Microservice2/.build/debug/KituraNet.build/ServerResponse.swift.o",
    "swiftmodule": "/Users/siavash/Desktop/Microservice2/.build/debug/KituraNet.build/ServerResponse~partial.swiftmodule",
    "swift-dependencies": "/Users/siavash/Desktop/Microservice2/.build/debug/KituraNet.build/ServerResponse.swiftdeps"
  },
  "/Users/siavash/Desktop/Microservice2/Packages/Kitura-net-1.0.0/Sources/KituraNet/SPIUtils.swift": {
    "dependencies": "/Users/siavash/Desktop/Microservice2/.build/debug/KituraNet.build/SPIUtils.d",
    "object": "/Users/siavash/Desktop/Microservice2/.build/debug/KituraNet.build/SPIUtils.swift.o",
    "swiftmodule": "/Users/siavash/Desktop/Microservice2/.build/debug/KituraNet.build/SPIUtils~partial.swiftmodule",
    "swift-dependencies": "/Users/siavash/Desktop/Microservice2/.build/debug/KituraNet.build/SPIUtils.swiftdeps"
  },
  "/Users/siavash/Desktop/Microservice2/Packages/Kitura-net-1.0.0/Sources/KituraNet/FastCGI/FastCGI.swift": {
    "dependencies": "/Users/siavash/Desktop/Microservice2/.build/debug/KituraNet.build/FastCGI.d",
    "object": "/Users/siavash/Desktop/Microservice2/.build/debug/KituraNet.build/FastCGI/FastCGI.swift.o",
    "swiftmodule": "/Users/siavash/Desktop/Microservice2/.build/debug/KituraNet.build/FastCGI~partial.swiftmodule",
    "swift-dependencies": "/Users/siavash/Desktop/Microservice2/.build/debug/KituraNet.build/FastCGI.swiftdeps"
  },
  "/Users/siavash/Desktop/Microservice2/Packages/Kitura-net-1.0.0/Sources/KituraNet/FastCGI/FastCGIRecordCreate.swift": {
    "dependencies": "/Users/siavash/Desktop/Microservice2/.build/debug/KituraNet.build/FastCGIRecordCreate.d",
    "object": "/Users/siavash/Desktop/Microservice2/.build/debug/KituraNet.build/FastCGI/FastCGIRecordCreate.swift.o",
    "swiftmodule": "/Users/siavash/Desktop/Microservice2/.build/debug/KituraNet.build/FastCGIRecordCreate~partial.swiftmodule",
    "swift-dependencies": "/Users/siavash/Desktop/Microservice2/.build/debug/KituraNet.build/FastCGIRecordCreate.swiftdeps"
  },
  "/Users/siavash/Desktop/Microservice2/Packages/Kitura-net-1.0.0/Sources/KituraNet/FastCGI/FastCGIRecordParser.swift": {
    "dependencies": "/Users/siavash/Desktop/Microservice2/.build/debug/KituraNet.build/FastCGIRecordParser.d",
    "object": "/Users/siavash/Desktop/Microservice2/.build/debug/KituraNet.build/FastCGI/FastCGIRecordParser.swift.o",
    "swiftmodule": "/Users/siavash/Desktop/Microservice2/.build/debug/KituraNet.build/FastCGIRecordParser~partial.swiftmodule",
    "swift-dependencies": "/Users/siavash/Desktop/Microservice2/.build/debug/KituraNet.build/FastCGIRecordParser.swiftdeps"
  },
  "/Users/siavash/Desktop/Microservice2/Packages/Kitura-net-1.0.0/Sources/KituraNet/FastCGI/FastCGIServer.swift": {
    "dependencies": "/Users/siavash/Desktop/Microservice2/.build/debug/KituraNet.build/FastCGIServer.d",
    "object": "/Users/siavash/Desktop/Microservice2/.build/debug/KituraNet.build/FastCGI/FastCGIServer.swift.o",
    "swiftmodule": "/Users/siavash/Desktop/Microservice2/.build/debug/KituraNet.build/FastCGIServer~partial.swiftmodule",
    "swift-dependencies": "/Users/siavash/Desktop/Microservice2/.build/debug/KituraNet.build/FastCGIServer.swiftdeps"
  },
  "/Users/siavash/Desktop/Microservice2/Packages/Kitura-net-1.0.0/Sources/KituraNet/FastCGI/FastCGIServerRequest.swift": {
    "dependencies": "/Users/siavash/Desktop/Microservice2/.build/debug/KituraNet.build/FastCGIServerRequest.d",
    "object": "/Users/siavash/Desktop/Microservice2/.build/debug/KituraNet.build/FastCGI/FastCGIServerRequest.swift.o",
    "swiftmodule": "/Users/siavash/Desktop/Microservice2/.build/debug/KituraNet.build/FastCGIServerRequest~partial.swiftmodule",
    "swift-dependencies": "/Users/siavash/Desktop/Microservice2/.build/debug/KituraNet.build/FastCGIServerRequest.swiftdeps"
  },
  "/Users/siavash/Desktop/Microservice2/Packages/Kitura-net-1.0.0/Sources/KituraNet/FastCGI/FastCGIServerResponse.swift": {
    "dependencies": "/Users/siavash/Desktop/Microservice2/.build/debug/KituraNet.build/FastCGIServerResponse.d",
    "object": "/Users/siavash/Desktop/Microservice2/.build/debug/KituraNet.build/FastCGI/FastCGIServerResponse.swift.o",
    "swiftmodule": "/Users/siavash/Desktop/Microservice2/.build/debug/KituraNet.build/FastCGIServerResponse~partial.swiftmodule",
    "swift-dependencies": "/Users/siavash/Desktop/Microservice2/.build/debug/KituraNet.build/FastCGIServerResponse.swiftdeps"
  },
  "/Users/siavash/Desktop/Microservice2/Packages/Kitura-net-1.0.0/Sources/KituraNet/HTTP/HTTP.swift": {
    "dependencies": "/Users/siavash/Desktop/Microservice2/.build/debug/KituraNet.build/HTTP.d",
    "object": "/Users/siavash/Desktop/Microservice2/.build/debug/KituraNet.build/HTTP/HTTP.swift.o",
    "swiftmodule": "/Users/siavash/Desktop/Microservice2/.build/debug/KituraNet.build/HTTP~partial.swiftmodule",
    "swift-dependencies": "/Users/siavash/Desktop/Microservice2/.build/debug/KituraNet.build/HTTP.swiftdeps"
  },
  "/Users/siavash/Desktop/Microservice2/Packages/Kitura-net-1.0.0/Sources/KituraNet/HTTP/HTTPIncomingMessage.swift": {
    "dependencies": "/Users/siavash/Desktop/Microservice2/.build/debug/KituraNet.build/HTTPIncomingMessage.d",
    "object": "/Users/siavash/Desktop/Microservice2/.build/debug/KituraNet.build/HTTP/HTTPIncomingMessage.swift.o",
    "swiftmodule": "/Users/siavash/Desktop/Microservice2/.build/debug/KituraNet.build/HTTPIncomingMessage~partial.swiftmodule",
    "swift-dependencies": "/Users/siavash/Desktop/Microservice2/.build/debug/KituraNet.build/HTTPIncomingMessage.swiftdeps"
  },
  "/Users/siavash/Desktop/Microservice2/Packages/Kitura-net-1.0.0/Sources/KituraNet/HTTP/HTTPServer.swift": {
    "dependencies": "/Users/siavash/Desktop/Microservice2/.build/debug/KituraNet.build/HTTPServer.d",
    "object": "/Users/siavash/Desktop/Microservice2/.build/debug/KituraNet.build/HTTP/HTTPServer.swift.o",
    "swiftmodule": "/Users/siavash/Desktop/Microservice2/.build/debug/KituraNet.build/HTTPServer~partial.swiftmodule",
    "swift-dependencies": "/Users/siavash/Desktop/Microservice2/.build/debug/KituraNet.build/HTTPServer.swiftdeps"
  },
  "/Users/siavash/Desktop/Microservice2/Packages/Kitura-net-1.0.0/Sources/KituraNet/HTTP/HTTPServerRequest.swift": {
    "dependencies": "/Users/siavash/Desktop/Microservice2/.build/debug/KituraNet.build/HTTPServerRequest.d",
    "object": "/Users/siavash/Desktop/Microservice2/.build/debug/KituraNet.build/HTTP/HTTPServerRequest.swift.o",
    "swiftmodule": "/Users/siavash/Desktop/Microservice2/.build/debug/KituraNet.build/HTTPServerRequest~partial.swiftmodule",
    "swift-dependencies": "/Users/siavash/Desktop/Microservice2/.build/debug/KituraNet.build/HTTPServerRequest.swiftdeps"
  },
  "/Users/siavash/Desktop/Microservice2/Packages/Kitura-net-1.0.0/Sources/KituraNet/HTTP/HTTPServerResponse.swift": {
    "dependencies": "/Users/siavash/Desktop/Microservice2/.build/debug/KituraNet.build/HTTPServerResponse.d",
    "object": "/Users/siavash/Desktop/Microservice2/.build/debug/KituraNet.build/HTTP/HTTPServerResponse.swift.o",
    "swiftmodule": "/Users/siavash/Desktop/Microservice2/.build/debug/KituraNet.build/HTTPServerResponse~partial.swiftmodule",
    "swift-dependencies": "/Users/siavash/Desktop/Microservice2/.build/debug/KituraNet.build/HTTPServerResponse.swiftdeps"
  },
  "/Users/siavash/Desktop/Microservice2/Packages/Kitura-net-1.0.0/Sources/KituraNet/HTTP/IncomingHTTPSocketProcessor.swift": {
    "dependencies": "/Users/siavash/Desktop/Microservice2/.build/debug/KituraNet.build/IncomingHTTPSocketProcessor.d",
    "object": "/Users/siavash/Desktop/Microservice2/.build/debug/KituraNet.build/HTTP/IncomingHTTPSocketProcessor.swift.o",
    "swiftmodule": "/Users/siavash/Desktop/Microservice2/.build/debug/KituraNet.build/IncomingHTTPSocketProcessor~partial.swiftmodule",
    "swift-dependencies": "/Users/siavash/Desktop/Microservice2/.build/debug/KituraNet.build/IncomingHTTPSocketProcessor.swiftdeps"
  },
  "/Users/siavash/Desktop/Microservice2/Packages/Kitura-net-1.0.0/Sources/KituraNet/HTTPParser/HTTPParser.swift": {
    "dependencies": "/Users/siavash/Desktop/Microservice2/.build/debug/KituraNet.build/HTTPParser.d",
    "object": "/Users/siavash/Desktop/Microservice2/.build/debug/KituraNet.build/HTTPParser/HTTPParser.swift.o",
    "swiftmodule": "/Users/siavash/Desktop/Microservice2/.build/debug/KituraNet.build/HTTPParser~partial.swiftmodule",
    "swift-dependencies": "/Users/siavash/Desktop/Microservice2/.build/debug/KituraNet.build/HTTPParser.swiftdeps"
  },
  "/Users/siavash/Desktop/Microservice2/Packages/Kitura-net-1.0.0/Sources/KituraNet/HTTPParser/HTTPParserStatus.swift": {
    "dependencies": "/Users/siavash/Desktop/Microservice2/.build/debug/KituraNet.build/HTTPParserStatus.d",
    "object": "/Users/siavash/Desktop/Microservice2/.build/debug/KituraNet.build/HTTPParser/HTTPParserStatus.swift.o",
    "swiftmodule": "/Users/siavash/Desktop/Microservice2/.build/debug/KituraNet.build/HTTPParserStatus~partial.swiftmodule",
    "swift-dependencies": "/Users/siavash/Desktop/Microservice2/.build/debug/KituraNet.build/HTTPParserStatus.swiftdeps"
  },
  "/Users/siavash/Desktop/Microservice2/Packages/Kitura-net-1.0.0/Sources/KituraNet/HTTPParser/URLParser.swift": {
    "dependencies": "/Users/siavash/Desktop/Microservice2/.build/debug/KituraNet.build/URLParser.d",
    "object": "/Users/siavash/Desktop/Microservice2/.build/debug/KituraNet.build/HTTPParser/URLParser.swift.o",
    "swiftmodule": "/Users/siavash/Desktop/Microservice2/.build/debug/KituraNet.build/URLParser~partial.swiftmodule",
    "swift-dependencies": "/Users/siavash/Desktop/Microservice2/.build/debug/KituraNet.build/URLParser.swiftdeps"
  }
}
