{
  "": {
    "swift-dependencies": "/Users/siavash/Desktop/Microservice2/.build/debug/SimpleLogger.build/master.swiftdeps"
  },
  "/Users/siavash/Desktop/Microservice2/Packages/SimpleLogger-0.4.2/Sources/SimpleLogger.swift": {
    "dependencies": "/Users/siavash/Desktop/Microservice2/.build/debug/SimpleLogger.build/SimpleLogger.d",
    "object": "/Users/siavash/Desktop/Microservice2/.build/debug/SimpleLogger.build/SimpleLogger.swift.o",
    "swiftmodule": "/Users/siavash/Desktop/Microservice2/.build/debug/SimpleLogger.build/SimpleLogger~partial.swiftmodule",
    "swift-dependencies": "/Users/siavash/Desktop/Microservice2/.build/debug/SimpleLogger.build/SimpleLogger.swiftdeps"
  }
}
