{
  "": {
    "swift-dependencies": "/Users/siavash/Desktop/Microservice2/.build/debug/CloudFoundryDeploymentTracker.build/master.swiftdeps"
  },
  "/Users/siavash/Desktop/Microservice2/Packages/CloudFoundryDeploymentTracker-0.4.0/Sources/CloudFoundryDeploymentTracker/DeploymentTracker.swift": {
    "dependencies": "/Users/siavash/Desktop/Microservice2/.build/debug/CloudFoundryDeploymentTracker.build/DeploymentTracker.d",
    "object": "/Users/siavash/Desktop/Microservice2/.build/debug/CloudFoundryDeploymentTracker.build/DeploymentTracker.swift.o",
    "swiftmodule": "/Users/siavash/Desktop/Microservice2/.build/debug/CloudFoundryDeploymentTracker.build/DeploymentTracker~partial.swiftmodule",
    "swift-dependencies": "/Users/siavash/Desktop/Microservice2/.build/debug/CloudFoundryDeploymentTracker.build/DeploymentTracker.swiftdeps"
  }
}
