{
  "": {
    "swift-dependencies": "/Users/siavash/Desktop/Microservice2/.build/debug/LoggerAPI.build/master.swiftdeps"
  },
  "/Users/siavash/Desktop/Microservice2/Packages/LoggerAPI-1.0.0/Sources/LoggerAPI/Logger.swift": {
    "dependencies": "/Users/siavash/Desktop/Microservice2/.build/debug/LoggerAPI.build/Logger.d",
    "object": "/Users/siavash/Desktop/Microservice2/.build/debug/LoggerAPI.build/Logger.swift.o",
    "swiftmodule": "/Users/siavash/Desktop/Microservice2/.build/debug/LoggerAPI.build/Logger~partial.swiftmodule",
    "swift-dependencies": "/Users/siavash/Desktop/Microservice2/.build/debug/LoggerAPI.build/Logger.swiftdeps"
  }
}
