{"warnings":[{"file":"/Users/kallner/Projects/SwiftAtBackend/code/kitura-dev/Kitura-ProjectAutomation/VersionManagement/KituraPackagesToUpdate_09_22_16/Kitura-net/Sources/KituraNet/FastCGI/FastCGIServerRequest.swift","line":83,"symbol":"success","symbol_kind":"source.lang.swift.decl.enumelement","warning":"undocumented"},{"file":"/Users/kallner/Projects/SwiftAtBackend/code/kitura-dev/Kitura-ProjectAutomation/VersionManagement/KituraPackagesToUpdate_09_22_16/Kitura-net/Sources/KituraNet/FastCGI/FastCGIServerRequest.swift","line":84,"symbol":"protocolError","symbol_kind":"source.lang.swift.decl.enumelement","warning":"undocumented"},{"file":"/Users/kallner/Projects/SwiftAtBackend/code/kitura-dev/Kitura-ProjectAutomation/VersionManagement/KituraPackagesToUpdate_09_22_16/Kitura-net/Sources/KituraNet/FastCGI/FastCGIServerRequest.swift","line":85,"symbol":"invalidType","symbol_kind":"source.lang.swift.decl.enumelement","warning":"undocumented"},{"file":"/Users/kallner/Projects/SwiftAtBackend/code/kitura-dev/Kitura-ProjectAutomation/VersionManagement/KituraPackagesToUpdate_09_22_16/Kitura-net/Sources/KituraNet/FastCGI/FastCGIServerRequest.swift","line":86,"symbol":"clientDisconnect","symbol_kind":"source.lang.swift.decl.enumelement","warning":"undocumented"},{"file":"/Users/kallner/Projects/SwiftAtBackend/code/kitura-dev/Kitura-ProjectAutomation/VersionManagement/KituraPackagesToUpdate_09_22_16/Kitura-net/Sources/KituraNet/FastCGI/FastCGIServerRequest.swift","line":87,"symbol":"unsupportedRole","symbol_kind":"source.lang.swift.decl.enumelement","warning":"undocumented"},{"file":"/Users/kallner/Projects/SwiftAtBackend/code/kitura-dev/Kitura-ProjectAutomation/VersionManagement/KituraPackagesToUpdate_09_22_16/Kitura-net/Sources/KituraNet/FastCGI/FastCGIServerRequest.swift","line":88,"symbol":"internalError","symbol_kind":"source.lang.swift.decl.enumelement","warning":"undocumented"},{"file":"/Users/kallner/Projects/SwiftAtBackend/code/kitura-dev/Kitura-ProjectAutomation/VersionManagement/KituraPackagesToUpdate_09_22_16/Kitura-net/Sources/KituraNet/HTTP/HTTP.swift","line":106,"symbol":"accepted","symbol_kind":"source.lang.swift.decl.enumelement","warning":"undocumented"},{"file":"/Users/kallner/Projects/SwiftAtBackend/code/kitura-dev/Kitura-ProjectAutomation/VersionManagement/KituraPackagesToUpdate_09_22_16/Kitura-net/Sources/KituraNet/HTTP/HTTP.swift","line":106,"symbol":"badGateway","symbol_kind":"source.lang.swift.decl.enumelement","warning":"undocumented"},{"file":"/Users/kallner/Projects/SwiftAtBackend/code/kitura-dev/Kitura-ProjectAutomation/VersionManagement/KituraPackagesToUpdate_09_22_16/Kitura-net/Sources/KituraNet/HTTP/HTTP.swift","line":106,"symbol":"badRequest","symbol_kind":"source.lang.swift.decl.enumelement","warning":"undocumented"},{"file":"/Users/kallner/Projects/SwiftAtBackend/code/kitura-dev/Kitura-ProjectAutomation/VersionManagement/KituraPackagesToUpdate_09_22_16/Kitura-net/Sources/KituraNet/HTTP/HTTP.swift","line":106,"symbol":"conflict","symbol_kind":"source.lang.swift.decl.enumelement","warning":"undocumented"},{"file":"/Users/kallner/Projects/SwiftAtBackend/code/kitura-dev/Kitura-ProjectAutomation/VersionManagement/KituraPackagesToUpdate_09_22_16/Kitura-net/Sources/KituraNet/HTTP/HTTP.swift","line":106,"symbol":"continue","symbol_kind":"source.lang.swift.decl.enumelement","warning":"undocumented"},{"file":"/Users/kallner/Projects/SwiftAtBackend/code/kitura-dev/Kitura-ProjectAutomation/VersionManagement/KituraPackagesToUpdate_09_22_16/Kitura-net/Sources/KituraNet/HTTP/HTTP.swift","line":106,"symbol":"created","symbol_kind":"source.lang.swift.decl.enumelement","warning":"undocumented"},{"file":"/Users/kallner/Projects/SwiftAtBackend/code/kitura-dev/Kitura-ProjectAutomation/VersionManagement/KituraPackagesToUpdate_09_22_16/Kitura-net/Sources/KituraNet/HTTP/HTTP.swift","line":107,"symbol":"expectationFailed","symbol_kind":"source.lang.swift.decl.enumelement","warning":"undocumented"},{"file":"/Users/kallner/Projects/SwiftAtBackend/code/kitura-dev/Kitura-ProjectAutomation/VersionManagement/KituraPackagesToUpdate_09_22_16/Kitura-net/Sources/KituraNet/HTTP/HTTP.swift","line":107,"symbol":"failedDependency","symbol_kind":"source.lang.swift.decl.enumelement","warning":"undocumented"},{"file":"/Users/kallner/Projects/SwiftAtBackend/code/kitura-dev/Kitura-ProjectAutomation/VersionManagement/KituraPackagesToUpdate_09_22_16/Kitura-net/Sources/KituraNet/HTTP/HTTP.swift","line":107,"symbol":"forbidden","symbol_kind":"source.lang.swift.decl.enumelement","warning":"undocumented"},{"file":"/Users/kallner/Projects/SwiftAtBackend/code/kitura-dev/Kitura-ProjectAutomation/VersionManagement/KituraPackagesToUpdate_09_22_16/Kitura-net/Sources/KituraNet/HTTP/HTTP.swift","line":107,"symbol":"gatewayTimeout","symbol_kind":"source.lang.swift.decl.enumelement","warning":"undocumented"},{"file":"/Users/kallner/Projects/SwiftAtBackend/code/kitura-dev/Kitura-ProjectAutomation/VersionManagement/KituraPackagesToUpdate_09_22_16/Kitura-net/Sources/KituraNet/HTTP/HTTP.swift","line":107,"symbol":"gone","symbol_kind":"source.lang.swift.decl.enumelement","warning":"undocumented"},{"file":"/Users/kallner/Projects/SwiftAtBackend/code/kitura-dev/Kitura-ProjectAutomation/VersionManagement/KituraPackagesToUpdate_09_22_16/Kitura-net/Sources/KituraNet/HTTP/HTTP.swift","line":108,"symbol":"httpVersionNotSupported","symbol_kind":"source.lang.swift.decl.enumelement","warning":"undocumented"},{"file":"/Users/kallner/Projects/SwiftAtBackend/code/kitura-dev/Kitura-ProjectAutomation/VersionManagement/KituraPackagesToUpdate_09_22_16/Kitura-net/Sources/KituraNet/HTTP/HTTP.swift","line":108,"symbol":"insufficientSpaceOnResource","symbol_kind":"source.lang.swift.decl.enumelement","warning":"undocumented"},{"file":"/Users/kallner/Projects/SwiftAtBackend/code/kitura-dev/Kitura-ProjectAutomation/VersionManagement/KituraPackagesToUpdate_09_22_16/Kitura-net/Sources/KituraNet/HTTP/HTTP.swift","line":108,"symbol":"insufficientStorage","symbol_kind":"source.lang.swift.decl.enumelement","warning":"undocumented"},{"file":"/Users/kallner/Projects/SwiftAtBackend/code/kitura-dev/Kitura-ProjectAutomation/VersionManagement/KituraPackagesToUpdate_09_22_16/Kitura-net/Sources/KituraNet/HTTP/HTTP.swift","line":109,"symbol":"internalServerError","symbol_kind":"source.lang.swift.decl.enumelement","warning":"undocumented"},{"file":"/Users/kallner/Projects/SwiftAtBackend/code/kitura-dev/Kitura-ProjectAutomation/VersionManagement/KituraPackagesToUpdate_09_22_16/Kitura-net/Sources/KituraNet/HTTP/HTTP.swift","line":109,"symbol":"lengthRequired","symbol_kind":"source.lang.swift.decl.enumelement","warning":"undocumented"},{"file":"/Users/kallner/Projects/SwiftAtBackend/code/kitura-dev/Kitura-ProjectAutomation/VersionManagement/KituraPackagesToUpdate_09_22_16/Kitura-net/Sources/KituraNet/HTTP/HTTP.swift","line":109,"symbol":"methodFailure","symbol_kind":"source.lang.swift.decl.enumelement","warning":"undocumented"},{"file":"/Users/kallner/Projects/SwiftAtBackend/code/kitura-dev/Kitura-ProjectAutomation/VersionManagement/KituraPackagesToUpdate_09_22_16/Kitura-net/Sources/KituraNet/HTTP/HTTP.swift","line":109,"symbol":"methodNotAllowed","symbol_kind":"source.lang.swift.decl.enumelement","warning":"undocumented"},{"file":"/Users/kallner/Projects/SwiftAtBackend/code/kitura-dev/Kitura-ProjectAutomation/VersionManagement/KituraPackagesToUpdate_09_22_16/Kitura-net/Sources/KituraNet/HTTP/HTTP.swift","line":110,"symbol":"movedPermanently","symbol_kind":"source.lang.swift.decl.enumelement","warning":"undocumented"},{"file":"/Users/kallner/Projects/SwiftAtBackend/code/kitura-dev/Kitura-ProjectAutomation/VersionManagement/KituraPackagesToUpdate_09_22_16/Kitura-net/Sources/KituraNet/HTTP/HTTP.swift","line":110,"symbol":"movedTemporarily","symbol_kind":"source.lang.swift.decl.enumelement","warning":"undocumented"},{"file":"/Users/kallner/Projects/SwiftAtBackend/code/kitura-dev/Kitura-ProjectAutomation/VersionManagement/KituraPackagesToUpdate_09_22_16/Kitura-net/Sources/KituraNet/HTTP/HTTP.swift","line":110,"symbol":"multiStatus","symbol_kind":"source.lang.swift.decl.enumelement","warning":"undocumented"},{"file":"/Users/kallner/Projects/SwiftAtBackend/code/kitura-dev/Kitura-ProjectAutomation/VersionManagement/KituraPackagesToUpdate_09_22_16/Kitura-net/Sources/KituraNet/HTTP/HTTP.swift","line":110,"symbol":"multipleChoices","symbol_kind":"source.lang.swift.decl.enumelement","warning":"undocumented"},{"file":"/Users/kallner/Projects/SwiftAtBackend/code/kitura-dev/Kitura-ProjectAutomation/VersionManagement/KituraPackagesToUpdate_09_22_16/Kitura-net/Sources/KituraNet/HTTP/HTTP.swift","line":111,"symbol":"networkAuthenticationRequired","symbol_kind":"source.lang.swift.decl.enumelement","warning":"undocumented"},{"file":"/Users/kallner/Projects/SwiftAtBackend/code/kitura-dev/Kitura-ProjectAutomation/VersionManagement/KituraPackagesToUpdate_09_22_16/Kitura-net/Sources/KituraNet/HTTP/HTTP.swift","line":111,"symbol":"noContent","symbol_kind":"source.lang.swift.decl.enumelement","warning":"undocumented"},{"file":"/Users/kallner/Projects/SwiftAtBackend/code/kitura-dev/Kitura-ProjectAutomation/VersionManagement/KituraPackagesToUpdate_09_22_16/Kitura-net/Sources/KituraNet/HTTP/HTTP.swift","line":111,"symbol":"nonAuthoritativeInformation","symbol_kind":"source.lang.swift.decl.enumelement","warning":"undocumented"},{"file":"/Users/kallner/Projects/SwiftAtBackend/code/kitura-dev/Kitura-ProjectAutomation/VersionManagement/KituraPackagesToUpdate_09_22_16/Kitura-net/Sources/KituraNet/HTTP/HTTP.swift","line":112,"symbol":"notAcceptable","symbol_kind":"source.lang.swift.decl.enumelement","warning":"undocumented"},{"file":"/Users/kallner/Projects/SwiftAtBackend/code/kitura-dev/Kitura-ProjectAutomation/VersionManagement/KituraPackagesToUpdate_09_22_16/Kitura-net/Sources/KituraNet/HTTP/HTTP.swift","line":112,"symbol":"notFound","symbol_kind":"source.lang.swift.decl.enumelement","warning":"undocumented"},{"file":"/Users/kallner/Projects/SwiftAtBackend/code/kitura-dev/Kitura-ProjectAutomation/VersionManagement/KituraPackagesToUpdate_09_22_16/Kitura-net/Sources/KituraNet/HTTP/HTTP.swift","line":112,"symbol":"notImplemented","symbol_kind":"source.lang.swift.decl.enumelement","warning":"undocumented"},{"file":"/Users/kallner/Projects/SwiftAtBackend/code/kitura-dev/Kitura-ProjectAutomation/VersionManagement/KituraPackagesToUpdate_09_22_16/Kitura-net/Sources/KituraNet/HTTP/HTTP.swift","line":112,"symbol":"notModified","symbol_kind":"source.lang.swift.decl.enumelement","warning":"undocumented"},{"file":"/Users/kallner/Projects/SwiftAtBackend/code/kitura-dev/Kitura-ProjectAutomation/VersionManagement/KituraPackagesToUpdate_09_22_16/Kitura-net/Sources/KituraNet/HTTP/HTTP.swift","line":112,"symbol":"OK","symbol_kind":"source.lang.swift.decl.enumelement","warning":"undocumented"},{"file":"/Users/kallner/Projects/SwiftAtBackend/code/kitura-dev/Kitura-ProjectAutomation/VersionManagement/KituraPackagesToUpdate_09_22_16/Kitura-net/Sources/KituraNet/HTTP/HTTP.swift","line":113,"symbol":"partialContent","symbol_kind":"source.lang.swift.decl.enumelement","warning":"undocumented"},{"file":"/Users/kallner/Projects/SwiftAtBackend/code/kitura-dev/Kitura-ProjectAutomation/VersionManagement/KituraPackagesToUpdate_09_22_16/Kitura-net/Sources/KituraNet/HTTP/HTTP.swift","line":113,"symbol":"paymentRequired","symbol_kind":"source.lang.swift.decl.enumelement","warning":"undocumented"},{"file":"/Users/kallner/Projects/SwiftAtBackend/code/kitura-dev/Kitura-ProjectAutomation/VersionManagement/KituraPackagesToUpdate_09_22_16/Kitura-net/Sources/KituraNet/HTTP/HTTP.swift","line":113,"symbol":"preconditionFailed","symbol_kind":"source.lang.swift.decl.enumelement","warning":"undocumented"},{"file":"/Users/kallner/Projects/SwiftAtBackend/code/kitura-dev/Kitura-ProjectAutomation/VersionManagement/KituraPackagesToUpdate_09_22_16/Kitura-net/Sources/KituraNet/HTTP/HTTP.swift","line":113,"symbol":"preconditionRequired","symbol_kind":"source.lang.swift.decl.enumelement","warning":"undocumented"},{"file":"/Users/kallner/Projects/SwiftAtBackend/code/kitura-dev/Kitura-ProjectAutomation/VersionManagement/KituraPackagesToUpdate_09_22_16/Kitura-net/Sources/KituraNet/HTTP/HTTP.swift","line":114,"symbol":"proxyAuthenticationRequired","symbol_kind":"source.lang.swift.decl.enumelement","warning":"undocumented"},{"file":"/Users/kallner/Projects/SwiftAtBackend/code/kitura-dev/Kitura-ProjectAutomation/VersionManagement/KituraPackagesToUpdate_09_22_16/Kitura-net/Sources/KituraNet/HTTP/HTTP.swift","line":114,"symbol":"processing","symbol_kind":"source.lang.swift.decl.enumelement","warning":"undocumented"},{"file":"/Users/kallner/Projects/SwiftAtBackend/code/kitura-dev/Kitura-ProjectAutomation/VersionManagement/KituraPackagesToUpdate_09_22_16/Kitura-net/Sources/KituraNet/HTTP/HTTP.swift","line":114,"symbol":"requestHeaderFieldsTooLarge","symbol_kind":"source.lang.swift.decl.enumelement","warning":"undocumented"},{"file":"/Users/kallner/Projects/SwiftAtBackend/code/kitura-dev/Kitura-ProjectAutomation/VersionManagement/KituraPackagesToUpdate_09_22_16/Kitura-net/Sources/KituraNet/HTTP/HTTP.swift","line":115,"symbol":"requestTimeout","symbol_kind":"source.lang.swift.decl.enumelement","warning":"undocumented"},{"file":"/Users/kallner/Projects/SwiftAtBackend/code/kitura-dev/Kitura-ProjectAutomation/VersionManagement/KituraPackagesToUpdate_09_22_16/Kitura-net/Sources/KituraNet/HTTP/HTTP.swift","line":115,"symbol":"requestTooLong","symbol_kind":"source.lang.swift.decl.enumelement","warning":"undocumented"},{"file":"/Users/kallner/Projects/SwiftAtBackend/code/kitura-dev/Kitura-ProjectAutomation/VersionManagement/KituraPackagesToUpdate_09_22_16/Kitura-net/Sources/KituraNet/HTTP/HTTP.swift","line":115,"symbol":"requestURITooLong","symbol_kind":"source.lang.swift.decl.enumelement","warning":"undocumented"},{"file":"/Users/kallner/Projects/SwiftAtBackend/code/kitura-dev/Kitura-ProjectAutomation/VersionManagement/KituraPackagesToUpdate_09_22_16/Kitura-net/Sources/KituraNet/HTTP/HTTP.swift","line":115,"symbol":"requestedRangeNotSatisfiable","symbol_kind":"source.lang.swift.decl.enumelement","warning":"undocumented"},{"file":"/Users/kallner/Projects/SwiftAtBackend/code/kitura-dev/Kitura-ProjectAutomation/VersionManagement/KituraPackagesToUpdate_09_22_16/Kitura-net/Sources/KituraNet/HTTP/HTTP.swift","line":116,"symbol":"resetContent","symbol_kind":"source.lang.swift.decl.enumelement","warning":"undocumented"},{"file":"/Users/kallner/Projects/SwiftAtBackend/code/kitura-dev/Kitura-ProjectAutomation/VersionManagement/KituraPackagesToUpdate_09_22_16/Kitura-net/Sources/KituraNet/HTTP/HTTP.swift","line":116,"symbol":"seeOther","symbol_kind":"source.lang.swift.decl.enumelement","warning":"undocumented"},{"file":"/Users/kallner/Projects/SwiftAtBackend/code/kitura-dev/Kitura-ProjectAutomation/VersionManagement/KituraPackagesToUpdate_09_22_16/Kitura-net/Sources/KituraNet/HTTP/HTTP.swift","line":116,"symbol":"serviceUnavailable","symbol_kind":"source.lang.swift.decl.enumelement","warning":"undocumented"},{"file":"/Users/kallner/Projects/SwiftAtBackend/code/kitura-dev/Kitura-ProjectAutomation/VersionManagement/KituraPackagesToUpdate_09_22_16/Kitura-net/Sources/KituraNet/HTTP/HTTP.swift","line":116,"symbol":"switchingProtocols","symbol_kind":"source.lang.swift.decl.enumelement","warning":"undocumented"},{"file":"/Users/kallner/Projects/SwiftAtBackend/code/kitura-dev/Kitura-ProjectAutomation/VersionManagement/KituraPackagesToUpdate_09_22_16/Kitura-net/Sources/KituraNet/HTTP/HTTP.swift","line":117,"symbol":"temporaryRedirect","symbol_kind":"source.lang.swift.decl.enumelement","warning":"undocumented"},{"file":"/Users/kallner/Projects/SwiftAtBackend/code/kitura-dev/Kitura-ProjectAutomation/VersionManagement/KituraPackagesToUpdate_09_22_16/Kitura-net/Sources/KituraNet/HTTP/HTTP.swift","line":117,"symbol":"tooManyRequests","symbol_kind":"source.lang.swift.decl.enumelement","warning":"undocumented"},{"file":"/Users/kallner/Projects/SwiftAtBackend/code/kitura-dev/Kitura-ProjectAutomation/VersionManagement/KituraPackagesToUpdate_09_22_16/Kitura-net/Sources/KituraNet/HTTP/HTTP.swift","line":117,"symbol":"unauthorized","symbol_kind":"source.lang.swift.decl.enumelement","warning":"undocumented"},{"file":"/Users/kallner/Projects/SwiftAtBackend/code/kitura-dev/Kitura-ProjectAutomation/VersionManagement/KituraPackagesToUpdate_09_22_16/Kitura-net/Sources/KituraNet/HTTP/HTTP.swift","line":117,"symbol":"unprocessableEntity","symbol_kind":"source.lang.swift.decl.enumelement","warning":"undocumented"},{"file":"/Users/kallner/Projects/SwiftAtBackend/code/kitura-dev/Kitura-ProjectAutomation/VersionManagement/KituraPackagesToUpdate_09_22_16/Kitura-net/Sources/KituraNet/HTTP/HTTP.swift","line":118,"symbol":"unsupportedMediaType","symbol_kind":"source.lang.swift.decl.enumelement","warning":"undocumented"},{"file":"/Users/kallner/Projects/SwiftAtBackend/code/kitura-dev/Kitura-ProjectAutomation/VersionManagement/KituraPackagesToUpdate_09_22_16/Kitura-net/Sources/KituraNet/HTTP/HTTP.swift","line":118,"symbol":"useProxy","symbol_kind":"source.lang.swift.decl.enumelement","warning":"undocumented"},{"file":"/Users/kallner/Projects/SwiftAtBackend/code/kitura-dev/Kitura-ProjectAutomation/VersionManagement/KituraPackagesToUpdate_09_22_16/Kitura-net/Sources/KituraNet/HTTP/HTTP.swift","line":118,"symbol":"unknown","symbol_kind":"source.lang.swift.decl.enumelement","warning":"undocumented"}],"source_directory":"/Users/kallner/Projects/SwiftAtBackend/code/kitura-dev/Kitura-ProjectAutomation/VersionManagement/KituraPackagesToUpdate_09_22_16/Kitura-net"}