{
  "": {
    "swift-dependencies": "/Users/siavash/Desktop/Microservice2/.build/debug/HeliumLogger.build/master.swiftdeps"
  },
  "/Users/siavash/Desktop/Microservice2/Packages/HeliumLogger-1.0.0/Sources/HeliumLogger/HeliumLogger.swift": {
    "dependencies": "/Users/siavash/Desktop/Microservice2/.build/debug/HeliumLogger.build/HeliumLogger.d",
    "object": "/Users/siavash/Desktop/Microservice2/.build/debug/HeliumLogger.build/HeliumLogger.swift.o",
    "swiftmodule": "/Users/siavash/Desktop/Microservice2/.build/debug/HeliumLogger.build/HeliumLogger~partial.swiftmodule",
    "swift-dependencies": "/Users/siavash/Desktop/Microservice2/.build/debug/HeliumLogger.build/HeliumLogger.swiftdeps"
  }
}
